logged_at,service_uptime_seconds,go_goroutines,go_heap_alloc_bytes,go_heap_objects,workflow_documents_total,workflow_transitions_total,transitions_last_24h,documents_draft,documents_pending_visa,documents_pending_boss,documents_approved,documents_rejected,documents_updated_last_24h,active_actors_last_24h
2026-05-10T15:13:35Z,900,11,1639248,9795,6,7,0,3,1,0,2,0,0,0
2026-05-10T15:14:35Z,960,11,1690792,10185,6,7,0,3,1,0,2,0,0,0
2026-05-10T15:15:35Z,1020,11,1724904,10549,6,7,0,3,1,0,2,0,0,0
2026-05-10T15:16:35Z,1080,11,1759176,10916,6,7,0,3,1,0,2,0,0,0
2026-05-10T15:17:35Z,1140,11,1792920,11277,6,7,0,3,1,0,2,0,0,0
2026-05-10T15:18:35Z,1200,11,1826664,11638,6,7,0,3,1,0,2,0,0,0
2026-05-10T15:19:00Z,0,9,972872,3306,6,7,0,3,1,0,2,0,0,0
2026-05-10T15:21:58Z,0,11,931448,3492,6,7,0,3,1,0,2,0,0,0
2026-05-10T15:22:08Z,10,11,1047352,4012,6,7,0,3,1,0,2,0,0,0
2026-05-10T15:22:18Z,20,11,1081008,4357,6,7,0,3,1,0,2,0,0,0
2026-05-10T15:22:28Z,30,11,1114400,4696,6,7,0,3,1,0,2,0,0,0
2026-05-10T15:22:38Z,40,11,1147808,5036,6,7,0,3,1,0,2,0,0,0
2026-05-10T15:22:48Z,50,11,1181488,5379,6,7,0,3,1,0,2,0,0,0
2026-05-10T15:22:58Z,60,11,1214896,5719,6,7,0,3,1,0,2,0,0,0
2026-05-10T15:23:08Z,70,11,1248288,6058,6,7,0,3,1,0,2,0,0,0
2026-05-10T15:23:18Z,80,11,1281696,6398,6,7,0,3,1,0,2,0,0,0
2026-05-10T15:23:28Z,90,11,1315200,6739,6,7,0,3,1,0,2,0,0,0
2026-05-10T15:23:38Z,100,11,1348608,7079,6,7,0,3,1,0,2,0,0,0
2026-05-10T15:23:48Z,110,11,1382000,7418,6,7,0,3,1,0,2,0,0,0
2026-05-10T15:23:58Z,120,11,1415392,7757,6,7,0,3,1,0,2,0,0,0
2026-05-10T15:24:08Z,130,11,1449088,8100,6,7,0,3,1,0,2,0,0,0
2026-05-10T15:24:18Z,140,11,1482496,8440,6,7,0,3,1,0,2,0,0,0
2026-05-10T15:24:28Z,150,11,1516000,8781,6,7,0,3,1,0,2,0,0,0
2026-05-10T15:24:38Z,160,11,1549792,9125,6,7,0,3,1,0,2,0,0,0
2026-05-10T15:24:48Z,170,11,1583200,9465,6,7,0,3,1,0,2,0,0,0
2026-05-10T15:24:58Z,180,11,1616608,9805,6,7,0,3,1,0,2,0,0,0
2026-05-10T15:25:08Z,190,11,1650016,10145,6,7,0,3,1,0,2,0,0,0
2026-05-10T15:25:18Z,200,11,1683408,10484,6,7,0,3,1,0,2,0,0,0
2026-05-10T15:25:28Z,210,11,1716912,10825,6,7,0,3,1,0,2,0,0,0
2026-05-10T15:25:38Z,220,11,1750416,11166,6,7,0,3,1,0,2,0,0,0
2026-05-10T15:25:48Z,230,11,1783968,11508,6,7,0,3,1,0,2,0,0,0
2026-05-10T15:25:58Z,240,11,1817360,11847,6,7,0,3,1,0,2,0,0,0
2026-05-10T15:26:08Z,250,11,1850816,12188,6,7,0,3,1,0,2,0,0,0
2026-05-10T15:26:18Z,260,11,1884320,12529,6,7,0,3,1,0,2,0,0,0
2026-05-10T15:26:28Z,270,11,1917744,12870,6,7,0,3,1,0,2,0,0,0
2026-05-10T15:26:38Z,280,11,1951168,13211,6,7,0,3,1,0,2,0,0,0
2026-05-10T15:26:48Z,290,11,1984592,13552,6,7,0,3,1,0,2,0,0,0
2026-05-10T15:26:58Z,300,11,2018016,13893,6,7,0,3,1,0,2,0,0,0
2026-05-10T15:27:08Z,310,11,2051776,14237,6,7,0,3,1,0,2,0,0,0
2026-05-10T15:27:18Z,320,11,2085184,14577,6,7,0,3,1,0,2,0,0,0
2026-05-10T15:27:28Z,330,11,2118608,14918,6,7,0,3,1,0,2,0,0,0
2026-05-10T15:27:38Z,340,11,2152032,15259,6,7,0,3,1,0,2,0,0,0
2026-05-10T15:27:48Z,350,11,2185456,15600,6,7,0,3,1,0,2,0,0,0
2026-05-10T15:27:58Z,360,11,2218880,15941,6,7,0,3,1,0,2,0,0,0
2026-05-10T15:28:08Z,370,11,2252304,16282,6,7,0,3,1,0,2,0,0,0
2026-05-10T15:28:18Z,380,11,2285712,16622,6,7,0,3,1,0,2,0,0,0
2026-05-10T15:28:28Z,390,11,2319120,16962,6,7,0,3,1,0,2,0,0,0
2026-05-10T15:28:38Z,400,12,2397536,17627,6,7,0,3,1,0,2,0,0,0
2026-05-10T15:28:48Z,410,18,2889608,20809,6,8,1,2,1,1,2,0,1,1
2026-05-10T15:28:58Z,420,18,2941456,21203,6,8,1,2,1,1,2,0,1,1
2026-05-10T15:29:08Z,430,18,2988200,21576,6,8,1,2,1,1,2,0,1,1
2026-05-10T15:29:18Z,440,18,3034944,21949,6,8,1,2,1,1,2,0,1,1
2026-05-10T15:29:28Z,450,18,3081704,22323,6,8,1,2,1,1,2,0,1,1
2026-05-10T15:29:38Z,460,18,3128448,22696,6,8,1,2,1,1,2,0,1,1
2026-05-10T15:29:48Z,470,18,3175208,23070,6,8,1,2,1,1,2,0,1,1
2026-05-10T15:29:58Z,480,18,3221952,23443,6,8,1,2,1,1,2,0,1,1
2026-05-10T15:30:08Z,490,18,3268760,23818,6,8,1,2,1,1,2,0,1,1
2026-05-10T15:30:18Z,500,18,3315520,24192,6,8,1,2,1,1,2,0,1,1
2026-05-10T15:30:28Z,510,18,3362280,24566,6,8,1,2,1,1,2,0,1,1
2026-05-10T15:30:38Z,520,18,3409024,24939,6,8,1,2,1,1,2,0,1,1
2026-05-10T15:30:48Z,530,17,3455784,25313,6,8,1,2,1,1,2,0,1,1
2026-05-10T15:30:58Z,540,17,3502544,25687,6,8,1,2,1,1,2,0,1,1
2026-05-10T15:31:08Z,550,17,3549304,26061,6,8,1,2,1,1,2,0,1,1
2026-05-10T15:31:18Z,560,17,3596048,26434,6,8,1,2,1,1,2,0,1,1
2026-05-10T15:31:28Z,570,17,914840,3436,6,8,1,2,1,1,2,0,1,1
2026-05-10T15:31:38Z,580,17,961616,3810,6,8,1,2,1,1,2,0,1,1
2026-05-10T15:31:48Z,590,17,1008376,4184,6,8,1,2,1,1,2,0,1,1
2026-05-10T15:31:58Z,600,17,1055120,4557,6,8,1,2,1,1,2,0,1,1
2026-05-10T15:32:08Z,610,17,1101864,4930,6,8,1,2,1,1,2,0,1,1
2026-05-10T15:32:18Z,620,17,1148912,5307,6,8,1,2,1,1,2,0,1,1
2026-05-10T15:32:28Z,630,17,1196056,5685,6,8,1,2,1,1,2,0,1,1
2026-05-10T15:32:38Z,640,17,1242800,6058,6,8,1,2,1,1,2,0,1,1
2026-05-10T15:32:48Z,650,17,1289640,6432,6,8,1,2,1,1,2,0,1,1
2026-05-10T15:32:58Z,660,17,1336496,6807,6,8,1,2,1,1,2,0,1,1
2026-05-10T15:33:08Z,670,17,1383336,7181,6,8,1,2,1,1,2,0,1,1
2026-05-10T15:33:18Z,680,17,1430096,7555,6,8,1,2,1,1,2,0,1,1
2026-05-10T15:33:28Z,690,17,776944,3313,6,8,1,2,1,1,2,0,1,1
2026-05-10T15:33:38Z,700,17,826016,3690,6,8,1,2,1,1,2,0,1,1
2026-05-10T15:33:48Z,710,17,872760,4063,6,8,1,2,1,1,2,0,1,1
2026-05-10T15:33:58Z,720,17,919520,4437,6,8,1,2,1,1,2,0,1,1
2026-05-10T15:34:08Z,730,17,966376,4812,6,8,1,2,1,1,2,0,1,1
2026-05-10T15:34:18Z,740,17,1013136,5186,6,8,1,2,1,1,2,0,1,1
2026-05-10T15:34:28Z,750,17,1060280,5564,6,8,1,2,1,1,2,0,1,1
2026-05-10T15:34:38Z,760,17,1107040,5938,6,8,1,2,1,1,2,0,1,1
2026-05-10T15:34:48Z,770,18,1186216,6502,6,8,1,2,1,1,2,0,1,1
2026-05-10T15:34:58Z,780,18,1232960,6875,6,8,1,2,1,1,2,0,1,1
2026-05-10T15:35:08Z,790,18,1279720,7249,6,8,1,2,1,1,2,0,1,1
2026-05-10T15:35:18Z,800,18,1326480,7623,6,8,1,2,1,1,2,0,1,1
2026-05-10T15:35:28Z,810,18,797336,3351,6,8,1,2,1,1,2,0,1,1
2026-05-10T15:35:38Z,820,18,846424,3729,6,8,1,2,1,1,2,0,1,1
2026-05-10T15:35:48Z,830,18,1066408,4998,7,9,2,2,2,1,2,0,2,2
2026-05-10T15:35:58Z,840,18,1119208,5410,7,9,2,2,2,1,2,0,2,2
2026-05-10T15:36:08Z,850,18,1166440,5796,7,9,2,2,2,1,2,0,2,2
2026-05-10T15:36:18Z,860,18,1213672,6182,7,9,2,2,2,1,2,0,2,2
2026-05-10T15:36:28Z,870,18,1260920,6569,7,9,2,2,2,1,2,0,2,2
2026-05-10T15:36:38Z,880,18,1308168,6956,7,9,2,2,2,1,2,0,2,2
2026-05-10T15:36:48Z,890,18,1355416,7343,7,9,2,2,2,1,2,0,2,2
2026-05-10T15:36:58Z,900,18,1402664,7730,7,9,2,2,2,1,2,0,2,2
2026-05-10T15:37:08Z,910,18,1449896,8116,7,9,2,2,2,1,2,0,2,2
2026-05-10T15:37:18Z,920,18,1497144,8503,7,9,2,2,2,1,2,0,2,2
2026-05-10T15:37:28Z,930,18,908720,3496,7,9,2,2,2,1,2,0,2,2
2026-05-10T15:37:38Z,940,18,958296,3887,7,9,2,2,2,1,2,0,2,2
2026-05-10T15:37:48Z,950,18,1023712,4437,7,9,2,2,2,1,2,0,2,2
2026-05-10T15:37:58Z,960,18,1070960,4824,7,9,2,2,2,1,2,0,2,2
2026-05-10T15:38:08Z,970,18,1118208,5211,7,9,2,2,2,1,2,0,2,2
2026-05-10T15:38:18Z,980,18,1229712,6460,7,10,3,3,1,1,2,0,2,3
2026-05-10T15:38:28Z,990,18,1282320,6874,7,10,3,3,1,1,2,0,2,3
2026-05-10T15:38:38Z,1000,18,1330136,7271,7,10,3,3,1,1,2,0,2,3
2026-05-10T15:38:48Z,1010,18,1377952,7668,7,10,3,3,1,1,2,0,2,3
2026-05-10T15:38:58Z,1020,18,1425768,8065,7,10,3,3,1,1,2,0,2,3
2026-05-10T15:39:08Z,1030,18,1473600,8463,7,10,3,3,1,1,2,0,2,3
2026-05-10T15:39:18Z,1040,18,1521432,8861,7,10,3,3,1,1,2,0,2,3
2026-05-10T15:39:28Z,1050,18,881664,3571,7,10,3,3,1,1,2,0,2,3
2026-05-10T15:39:38Z,1060,18,933024,3990,7,10,3,3,1,1,2,0,2,3
2026-05-10T15:39:48Z,1070,18,981176,4390,7,10,3,3,1,1,2,0,2,3
2026-05-10T15:39:58Z,1080,18,1029736,4797,7,10,3,3,1,1,2,0,2,3
2026-05-10T15:40:08Z,1090,18,1077552,5194,7,10,3,3,1,1,2,0,2,3
2026-05-10T15:40:18Z,1100,18,1257928,6452,7,11,4,2,1,2,2,0,2,3
2026-05-10T15:40:28Z,1110,18,1310504,6866,7,11,4,2,1,2,2,0,2,3
2026-05-10T15:40:38Z,1120,18,1358624,7267,7,11,4,2,1,2,2,0,2,3
2026-05-10T15:40:48Z,1130,18,1406552,7666,7,11,4,2,1,2,2,0,2,3
2026-05-10T15:40:58Z,1140,18,1465088,8214,7,11,4,2,1,2,2,0,2,3
2026-05-10T15:41:08Z,1150,18,1605064,9506,7,12,5,2,1,1,3,0,2,4
2026-05-10T15:41:18Z,1160,18,1657920,9928,7,12,5,2,1,1,3,0,2,4
2026-05-10T15:41:28Z,1170,18,916432,3592,7,12,5,2,1,1,3,0,2,4
2026-05-10T15:41:38Z,1180,18,966888,4003,7,12,5,2,1,1,3,0,2,4
2026-05-10T15:41:48Z,1190,18,1015032,4411,7,12,5,2,1,1,3,0,2,4
2026-05-10T15:41:58Z,1200,18,1063160,4818,7,12,5,2,1,1,3,0,2,4
2026-05-10T16:16:13Z,0,11,989232,3513,7,12,5,2,1,1,3,0,2,4
2026-05-10T16:16:23Z,10,11,1047400,4043,7,12,5,2,1,1,3,0,2,4
2026-05-10T16:16:33Z,20,12,1115072,4769,7,12,5,2,1,1,3,0,2,4
2026-05-10T16:16:43Z,30,12,1139280,5181,7,12,5,2,1,1,3,0,2,4
2026-05-10T16:16:53Z,40,18,1676544,8222,7,13,6,1,2,1,3,0,3,4
2026-05-10T16:17:03Z,50,18,1730936,8679,7,13,6,1,2,1,3,0,3,4
2026-05-10T16:17:13Z,60,18,1754688,9089,7,13,6,1,2,1,3,0,3,4
2026-05-10T16:17:23Z,70,18,1778472,9499,7,13,6,1,2,1,3,0,3,4
2026-05-10T16:17:33Z,80,18,1802224,9909,7,13,6,1,2,1,3,0,3,4
2026-05-10T16:17:43Z,90,18,1825976,10319,7,13,6,1,2,1,3,0,3,4
2026-05-10T16:17:53Z,100,18,1849728,10729,7,13,6,1,2,1,3,0,3,4
2026-05-10T16:18:03Z,110,18,1873480,11139,7,13,6,1,2,1,3,0,3,4
2026-05-10T16:18:13Z,120,18,1897232,11549,7,13,6,1,2,1,3,0,3,4
2026-05-10T16:18:23Z,130,18,1920984,11959,7,13,6,1,2,1,3,0,3,4
2026-05-10T16:18:33Z,140,18,1944720,12368,7,13,6,1,2,1,3,0,3,4
2026-05-10T16:18:43Z,150,18,1968472,12778,7,13,6,1,2,1,3,0,3,4
2026-05-10T16:18:53Z,160,17,1992208,13187,7,13,6,1,2,1,3,0,3,4
2026-05-10T16:19:03Z,170,17,2015944,13596,7,13,6,1,2,1,3,0,3,4
2026-05-10T16:19:13Z,180,17,2039680,14005,7,13,6,1,2,1,3,0,3,4
2026-05-10T16:19:23Z,190,17,2063480,14416,7,13,6,1,2,1,3,0,3,4
2026-05-10T16:19:33Z,200,18,2168096,15815,7,14,7,1,1,1,4,0,3,4
2026-05-10T16:19:43Z,210,18,2233400,16419,7,14,7,1,1,1,4,0,3,4
2026-05-10T16:19:53Z,220,18,2257760,16837,7,14,7,1,1,1,4,0,3,4
2026-05-10T16:20:03Z,230,18,2282104,17254,7,14,7,1,1,1,4,0,3,4
2026-05-10T16:20:13Z,240,18,2306448,17671,7,14,7,1,1,1,4,0,3,4
2026-05-10T16:20:23Z,250,18,2330808,18089,7,14,7,1,1,1,4,0,3,4
2026-05-10T16:20:33Z,260,18,2355168,18507,7,14,7,1,1,1,4,0,3,4
2026-05-10T16:20:43Z,270,18,2379544,18926,7,14,7,1,1,1,4,0,3,4
2026-05-10T16:20:53Z,280,18,2403920,19345,7,14,7,1,1,1,4,0,3,4
2026-05-10T16:21:03Z,290,18,2428296,19764,7,14,7,1,1,1,4,0,3,4
2026-05-10T16:21:13Z,300,18,2452672,20183,7,14,7,1,1,1,4,0,3,4
2026-05-10T16:21:23Z,310,18,2477032,20601,7,14,7,1,1,1,4,0,3,4
2026-05-10T16:21:33Z,320,18,2501392,21019,7,14,7,1,1,1,4,0,3,4
2026-05-10T16:21:43Z,330,17,2525752,21437,7,14,7,1,1,1,4,0,3,4
2026-05-10T16:21:53Z,340,17,2550112,21855,7,14,7,1,1,1,4,0,3,4
2026-05-10T16:22:03Z,350,17,2574472,22273,7,14,7,1,1,1,4,0,3,4
2026-05-10T16:22:13Z,360,17,2598832,22691,7,14,7,1,1,1,4,0,3,4
2026-05-10T16:22:23Z,370,17,2623208,23110,7,14,7,1,1,1,4,0,3,4
2026-05-10T16:22:33Z,380,17,2647664,23529,7,14,7,1,1,1,4,0,3,4
2026-05-10T16:22:43Z,390,17,2672008,23946,7,14,7,1,1,1,4,0,3,4
2026-05-10T16:22:53Z,400,17,2696368,24364,7,14,7,1,1,1,4,0,3,4
2026-05-10T16:23:03Z,410,17,2720744,24783,7,14,7,1,1,1,4,0,3,4
2026-05-10T16:23:13Z,420,17,2745168,25203,7,14,7,1,1,1,4,0,3,4
2026-05-10T16:23:23Z,430,17,2769528,25621,7,14,7,1,1,1,4,0,3,4
2026-05-10T16:23:33Z,440,17,2794160,26043,7,14,7,1,1,1,4,0,3,4
2026-05-10T16:23:43Z,450,17,2818536,26462,7,14,7,1,1,1,4,0,3,4
2026-05-10T16:23:53Z,460,17,2842896,26880,7,14,7,1,1,1,4,0,3,4
2026-05-10T16:24:03Z,470,17,2867256,27298,7,14,7,1,1,1,4,0,3,4
2026-05-10T16:24:13Z,480,17,2891616,27716,7,14,7,1,1,1,4,0,3,4
2026-05-10T16:24:23Z,490,17,2915976,28134,7,14,7,1,1,1,4,0,3,4
2026-05-10T16:24:33Z,500,17,2940336,28552,7,14,7,1,1,1,4,0,3,4
2026-05-10T16:24:43Z,510,17,2964696,28970,7,14,7,1,1,1,4,0,3,4
2026-05-10T16:24:53Z,520,17,2989056,29388,7,14,7,1,1,1,4,0,3,4
2026-05-10T16:25:03Z,530,17,3013416,29806,7,14,7,1,1,1,4,0,3,4
2026-05-10T16:25:13Z,540,17,3037776,30224,7,14,7,1,1,1,4,0,3,4
2026-05-10T16:25:23Z,550,17,3062152,30643,7,14,7,1,1,1,4,0,3,4
2026-05-10T16:25:33Z,560,17,3086576,31063,7,14,7,1,1,1,4,0,3,4
2026-05-10T16:25:43Z,570,17,3110936,31481,7,14,7,1,1,1,4,0,3,4
2026-05-10T16:25:53Z,580,17,3135296,31899,7,14,7,1,1,1,4,0,3,4
2026-05-10T16:26:03Z,590,17,3159752,32318,7,14,7,1,1,1,4,0,3,4
2026-05-10T16:26:13Z,600,17,3184112,32736,7,14,7,1,1,1,4,0,3,4
2026-05-10T16:26:23Z,610,17,3208472,33154,7,14,7,1,1,1,4,0,3,4
2026-05-10T16:26:33Z,620,17,3232832,33572,7,14,7,1,1,1,4,0,3,4
2026-05-10T16:26:43Z,630,17,3257208,33991,7,14,7,1,1,1,4,0,3,4
2026-05-10T16:26:53Z,640,17,3281584,34410,7,14,7,1,1,1,4,0,3,4
2026-05-10T16:27:03Z,650,17,3305960,34829,7,14,7,1,1,1,4,0,3,4
2026-05-10T16:27:13Z,660,17,3330400,35249,7,14,7,1,1,1,4,0,3,4
2026-05-10T16:27:23Z,670,17,3354760,35667,7,14,7,1,1,1,4,0,3,4
2026-05-10T16:27:33Z,680,17,3379424,36089,7,14,7,1,1,1,4,0,3,4
2026-05-10T16:27:43Z,690,17,3403768,36506,7,14,7,1,1,1,4,0,3,4
2026-05-10T16:27:53Z,700,17,3428128,36924,7,14,7,1,1,1,4,0,3,4
2026-05-10T16:28:03Z,710,17,3452488,37342,7,14,7,1,1,1,4,0,3,4
2026-05-10T16:28:13Z,720,17,3476896,37761,7,14,7,1,1,1,4,0,3,4
2026-05-10T16:28:23Z,730,17,3501352,38180,7,14,7,1,1,1,4,0,3,4
2026-05-10T16:28:33Z,740,17,993600,3526,7,14,7,1,1,1,4,0,3,4
2026-05-10T16:28:43Z,750,17,1018072,3946,7,14,7,1,1,1,4,0,3,4
2026-05-10T16:28:53Z,760,17,1042416,4363,7,14,7,1,1,1,4,0,3,4
2026-05-10T16:29:03Z,770,17,1066872,4782,7,14,7,1,1,1,4,0,3,4
2026-05-10T16:29:13Z,780,17,1091248,5201,7,14,7,1,1,1,4,0,3,4
2026-05-10T16:29:23Z,790,17,1115592,5618,7,14,7,1,1,1,4,0,3,4
2026-05-10T16:29:33Z,800,17,1139968,6037,7,14,7,1,1,1,4,0,3,4
2026-05-10T16:29:43Z,810,17,1164328,6455,7,14,7,1,1,1,4,0,3,4
2026-05-10T16:29:53Z,820,17,1188800,6875,7,14,7,1,1,1,4,0,3,4
2026-05-10T16:30:03Z,830,17,1213544,7297,7,14,7,1,1,1,4,0,3,4
2026-05-10T16:30:13Z,840,17,1237920,7716,7,14,7,1,1,1,4,0,3,4
2026-05-10T16:30:23Z,850,17,1262776,8140,7,14,7,1,1,1,4,0,3,4
2026-05-10T16:30:33Z,860,17,789488,3497,7,14,7,1,1,1,4,0,3,4
2026-05-10T16:30:43Z,870,17,813848,3915,7,14,7,1,1,1,4,0,3,4
2026-05-10T16:30:53Z,880,17,838208,4333,7,14,7,1,1,1,4,0,3,4
2026-05-10T16:31:03Z,890,17,862568,4751,7,14,7,1,1,1,4,0,3,4
2026-05-10T16:31:13Z,900,17,887216,5172,7,14,7,1,1,1,4,0,3,4
2026-05-10T16:31:23Z,910,17,911576,5590,7,14,7,1,1,1,4,0,3,4
2026-05-10T16:31:33Z,920,17,935936,6008,7,14,7,1,1,1,4,0,3,4
2026-05-10T16:31:43Z,930,17,960312,6427,7,14,7,1,1,1,4,0,3,4
2026-05-10T16:31:53Z,940,17,984656,6844,7,14,7,1,1,1,4,0,3,4
2026-05-10T16:32:03Z,950,17,1009032,7263,7,14,7,1,1,1,4,0,3,4
2026-05-10T16:32:13Z,960,18,1065488,7877,7,14,7,1,1,1,4,0,3,4
2026-05-10T16:32:23Z,970,18,1100528,8444,7,14,7,1,1,1,4,0,3,4
2026-05-10T16:32:33Z,980,18,793568,3326,7,14,7,1,1,1,4,0,3,4
2026-05-10T16:32:43Z,990,18,820256,3748,7,14,7,1,1,1,4,0,3,4
2026-05-10T16:32:53Z,1000,18,844632,4167,7,14,7,1,1,1,4,0,3,4
2026-05-10T16:33:03Z,1010,18,869008,4586,7,14,7,1,1,1,4,0,3,4
2026-05-10T16:33:14Z,0,11,994864,3523,7,14,7,1,1,1,4,0,3,4
2026-05-10T16:33:24Z,10,11,1054264,4072,7,14,7,1,1,1,4,0,3,4
2026-05-10T16:33:34Z,20,11,1078704,4491,7,14,7,1,1,1,4,0,3,4
2026-05-10T16:33:44Z,30,11,1103160,4910,7,14,7,1,1,1,4,0,3,4
2026-05-10T16:33:54Z,40,11,1127600,5328,7,14,7,1,1,1,4,0,3,4
2026-05-10T16:34:04Z,50,11,1152088,5747,7,14,7,1,1,1,4,0,3,4
2026-05-10T16:34:14Z,60,11,1176432,6164,7,14,7,1,1,1,4,0,3,4
2026-05-10T16:34:24Z,70,11,1200792,6582,7,14,7,1,1,1,4,0,3,4
2026-05-10T16:34:34Z,80,12,1270712,7331,7,14,7,1,1,1,4,0,3,4
2026-05-10T16:34:44Z,90,12,1295072,7749,7,14,7,1,1,1,4,0,3,4
2026-05-10T16:34:54Z,100,12,1319432,8167,7,14,7,1,1,1,4,0,3,4
2026-05-10T16:35:04Z,110,12,1343792,8585,7,14,7,1,1,1,4,0,3,4
2026-05-10T16:35:14Z,120,12,1382456,9159,7,14,7,1,1,1,4,0,3,4
2026-05-10T16:35:24Z,130,12,1406800,9576,7,14,7,1,1,1,4,0,3,4
2026-05-10T16:35:34Z,140,12,1431160,9994,7,14,7,1,1,1,4,0,3,4
2026-05-10T16:35:44Z,150,12,1455616,10413,7,14,7,1,1,1,4,0,3,4
2026-05-10T16:35:54Z,160,12,1480056,10831,7,14,7,1,1,1,4,0,3,4
2026-05-10T16:36:04Z,170,12,1504512,11250,7,14,7,1,1,1,4,0,3,4
2026-05-10T16:36:14Z,180,12,1528904,11668,7,14,7,1,1,1,4,0,3,4
2026-05-10T16:36:24Z,190,16,1955528,14027,7,14,7,1,1,1,4,0,3,4
2026-05-10T16:36:34Z,200,16,1984240,14505,7,14,7,1,1,1,4,0,3,4
2026-05-10T16:36:44Z,210,16,2008600,14923,7,14,7,1,1,1,4,0,3,4
2026-05-10T16:36:54Z,220,16,2032960,15341,7,14,7,1,1,1,4,0,3,4
2026-05-10T16:36:56Z,0,11,994408,3525,7,14,7,1,1,1,4,0,3,4
2026-05-10T16:37:06Z,10,11,1053120,4074,7,14,7,1,1,1,4,0,3,4
2026-05-10T16:37:16Z,20,11,1077696,4498,7,14,7,1,1,1,4,0,3,4
2026-05-10T16:37:26Z,30,11,1102056,4916,7,14,7,1,1,1,4,0,3,4
2026-05-10T16:37:36Z,40,11,1126672,5336,7,14,7,1,1,1,4,0,3,4
2026-05-10T16:37:46Z,50,12,1207112,6233,7,14,7,1,1,1,4,0,3,4
2026-05-10T16:37:56Z,60,12,1231632,6652,7,14,7,1,1,1,4,0,3,4
2026-05-10T16:38:06Z,70,12,1255992,7070,7,14,7,1,1,1,4,0,3,4
2026-05-10T16:38:16Z,80,12,1280352,7488,7,14,7,1,1,1,4,0,3,4
2026-05-10T16:38:26Z,90,12,1304936,7907,7,14,7,1,1,1,4,0,3,4
2026-05-10T16:38:36Z,100,12,1329296,8325,7,14,7,1,1,1,4,0,3,4
2026-05-10T16:38:46Z,110,12,1353656,8743,7,14,7,1,1,1,4,0,3,4
2026-05-10T16:38:56Z,120,12,1378016,9161,7,14,7,1,1,1,4,0,3,4
2026-05-10T16:39:06Z,130,12,1402376,9579,7,14,7,1,1,1,4,0,3,4
2026-05-10T16:39:16Z,140,12,1426816,9997,7,14,7,1,1,1,4,0,3,4
2026-05-10T16:39:26Z,150,12,1451224,10416,7,14,7,1,1,1,4,0,3,4
2026-05-10T16:39:36Z,160,12,1475584,10834,7,14,7,1,1,1,4,0,3,4
2026-05-10T16:39:46Z,170,11,1500024,11252,7,14,7,1,1,1,4,0,3,4
2026-05-10T16:39:56Z,180,11,1524480,11671,7,14,7,1,1,1,4,0,3,4
2026-05-10T16:40:06Z,190,11,1548920,12089,7,14,7,1,1,1,4,0,3,4
2026-05-10T16:40:16Z,200,11,1573280,12507,7,14,7,1,1,1,4,0,3,4
2026-05-10T16:40:26Z,210,11,1597624,12924,7,14,7,1,1,1,4,0,3,4
2026-05-10T16:40:36Z,220,11,1621968,13341,7,14,7,1,1,1,4,0,3,4
2026-05-10T16:40:46Z,230,11,1646328,13759,7,14,7,1,1,1,4,0,3,4
2026-05-10T16:40:56Z,240,11,1670688,14177,7,14,7,1,1,1,4,0,3,4
2026-05-10T16:41:06Z,250,11,1695048,14595,7,14,7,1,1,1,4,0,3,4
2026-05-10T16:41:16Z,260,11,1719408,15013,7,14,7,1,1,1,4,0,3,4
2026-05-10T16:41:26Z,270,11,1743784,15432,7,14,7,1,1,1,4,0,3,4
2026-05-10T16:41:36Z,280,11,1768160,15851,7,14,7,1,1,1,4,0,3,4
2026-05-10T16:41:46Z,290,11,1792536,16270,7,14,7,1,1,1,4,0,3,4
2026-05-10T16:41:56Z,300,11,1816896,16688,7,14,7,1,1,1,4,0,3,4
2026-05-10T16:42:06Z,310,11,1841256,17106,7,14,7,1,1,1,4,0,3,4
2026-05-10T16:42:16Z,320,11,1865616,17524,7,14,7,1,1,1,4,0,3,4
2026-05-10T16:42:26Z,330,11,1889976,17942,7,14,7,1,1,1,4,0,3,4
2026-05-10T16:42:36Z,340,11,1914352,18361,7,14,7,1,1,1,4,0,3,4
2026-05-10T16:42:46Z,350,11,1938712,18779,7,14,7,1,1,1,4,0,3,4
2026-05-10T16:43:32Z,0,11,994880,3524,0,0,0,0,0,0,0,0,0,0
2026-05-10T16:43:42Z,10,11,1032160,3953,0,0,0,0,0,0,0,0,0,0
2026-05-10T16:43:52Z,20,11,1052968,4277,0,0,0,0,0,0,0,0,0,0
2026-05-10T16:44:02Z,30,11,1073128,4593,0,0,0,0,0,0,0,0,0,0
2026-05-10T16:44:12Z,40,11,1093760,4915,0,0,0,0,0,0,0,0,0,0
2026-05-10T16:44:22Z,50,11,1113904,5230,0,0,0,0,0,0,0,0,0,0
2026-05-10T16:44:32Z,60,11,1134440,5552,0,0,0,0,0,0,0,0,0,0
2026-05-10T16:44:42Z,70,11,1154600,5868,0,0,0,0,0,0,0,0,0,0
2026-05-10T16:44:52Z,80,11,1174744,6183,0,0,0,0,0,0,0,0,0,0
2026-05-10T16:45:02Z,90,11,1194904,6499,0,0,0,0,0,0,0,0,0,0
2026-05-10T16:45:12Z,100,11,1215064,6815,0,0,0,0,0,0,0,0,0,0
2026-05-10T16:45:22Z,110,11,1235464,7134,0,0,0,0,0,0,0,0,0,0
2026-05-10T16:45:32Z,120,11,1255624,7450,0,0,0,0,0,0,0,0,0,0
2026-05-10T16:45:42Z,130,11,1275784,7766,0,0,0,0,0,0,0,0,0,0
2026-05-10T16:45:52Z,140,11,1295944,8082,0,0,0,0,0,0,0,0,0,0
2026-05-10T16:46:02Z,150,11,1316088,8397,0,0,0,0,0,0,0,0,0,0
2026-05-10T16:46:12Z,160,11,1336232,8712,0,0,0,0,0,0,0,0,0,0
2026-05-10T16:46:22Z,170,11,1356376,9027,0,0,0,0,0,0,0,0,0,0
2026-05-10T16:46:32Z,180,11,1376520,9342,0,0,0,0,0,0,0,0,0,0
2026-05-10T16:46:42Z,190,11,1396680,9658,0,0,0,0,0,0,0,0,0,0
2026-05-10T16:46:52Z,200,11,1416840,9974,0,0,0,0,0,0,0,0,0,0
2026-05-10T16:47:02Z,210,11,1437000,10290,0,0,0,0,0,0,0,0,0,0
2026-05-10T16:47:12Z,220,11,1457256,10607,0,0,0,0,0,0,0,0,0,0
2026-05-10T16:47:22Z,230,11,1477416,10923,0,0,0,0,0,0,0,0,0,0
2026-05-10T16:47:32Z,240,11,1497624,11240,0,0,0,0,0,0,0,0,0,0
2026-05-10T16:47:42Z,250,11,1517784,11556,0,0,0,0,0,0,0,0,0,0
2026-05-10T16:47:52Z,260,11,1537944,11872,0,0,0,0,0,0,0,0,0,0
2026-05-10T16:48:02Z,270,11,1558120,12189,0,0,0,0,0,0,0,0,0,0
2026-05-10T16:48:12Z,280,11,1578296,12506,0,0,0,0,0,0,0,0,0,0
2026-05-10T16:48:22Z,290,11,1598456,12822,0,0,0,0,0,0,0,0,0,0
2026-05-10T16:48:32Z,300,11,1618632,13139,0,0,0,0,0,0,0,0,0,0
2026-05-10T16:48:42Z,310,11,1639096,13459,0,0,0,0,0,0,0,0,0,0
2026-05-10T16:48:52Z,320,11,1659272,13776,0,0,0,0,0,0,0,0,0,0
2026-05-10T16:49:02Z,330,11,1679720,14095,0,0,0,0,0,0,0,0,0,0
2026-05-10T16:49:12Z,340,11,1699976,14412,0,0,0,0,0,0,0,0,0,0
2026-05-10T16:49:22Z,350,11,1720152,14729,0,0,0,0,0,0,0,0,0,0
2026-05-10T16:49:32Z,360,11,1740328,15046,0,0,0,0,0,0,0,0,0,0
2026-05-10T16:49:42Z,370,11,1760584,15363,0,0,0,0,0,0,0,0,0,0
2026-05-10T16:49:52Z,380,11,1780760,15680,0,0,0,0,0,0,0,0,0,0
2026-05-10T16:50:02Z,390,11,1800936,15997,0,0,0,0,0,0,0,0,0,0
2026-05-10T16:50:12Z,400,11,1821112,16314,0,0,0,0,0,0,0,0,0,0
2026-05-10T16:50:22Z,410,11,1841272,16630,0,0,0,0,0,0,0,0,0,0
2026-05-10T16:50:32Z,420,11,1861448,16947,0,0,0,0,0,0,0,0,0,0
2026-05-10T16:50:42Z,430,11,1881608,17263,0,0,0,0,0,0,0,0,0,0
2026-05-10T16:50:52Z,440,11,1901784,17580,0,0,0,0,0,0,0,0,0,0
2026-05-10T16:51:02Z,450,11,1921960,17897,0,0,0,0,0,0,0,0,0,0
2026-05-10T16:51:12Z,460,11,1942120,18213,0,0,0,0,0,0,0,0,0,0
2026-05-10T16:51:22Z,470,11,1962296,18530,0,0,0,0,0,0,0,0,0,0
2026-05-10T16:51:32Z,480,11,1982472,18847,0,0,0,0,0,0,0,0,0,0
2026-05-10T16:51:42Z,490,11,2002648,19164,0,0,0,0,0,0,0,0,0,0
2026-05-10T16:51:52Z,500,11,2022808,19480,0,0,0,0,0,0,0,0,0,0
2026-05-10T16:52:02Z,510,11,2042984,19797,0,0,0,0,0,0,0,0,0,0
2026-05-10T16:52:12Z,520,11,2063144,20113,0,0,0,0,0,0,0,0,0,0
2026-05-10T16:52:22Z,530,11,2083304,20429,0,0,0,0,0,0,0,0,0,0
2026-05-10T16:52:32Z,540,11,2103480,20746,0,0,0,0,0,0,0,0,0,0
2026-05-10T16:52:42Z,550,11,2123640,21062,0,0,0,0,0,0,0,0,0,0
2026-05-10T16:52:52Z,560,11,2143816,21379,0,0,0,0,0,0,0,0,0,0
2026-05-10T16:53:02Z,570,11,2163992,21696,0,0,0,0,0,0,0,0,0,0
2026-05-10T16:53:12Z,580,11,2184168,22013,0,0,0,0,0,0,0,0,0,0
2026-05-10T16:53:22Z,590,11,2204344,22330,0,0,0,0,0,0,0,0,0,0
2026-05-10T16:53:32Z,600,11,2224504,22646,0,0,0,0,0,0,0,0,0,0
2026-05-10T16:53:42Z,610,11,2244760,22963,0,0,0,0,0,0,0,0,0,0
2026-05-10T16:53:52Z,620,11,2264936,23280,0,0,0,0,0,0,0,0,0,0
2026-05-10T16:54:02Z,630,11,2285112,23597,0,0,0,0,0,0,0,0,0,0
2026-05-10T16:54:12Z,640,11,2305272,23913,0,0,0,0,0,0,0,0,0,0
2026-05-10T16:54:22Z,650,11,2325432,24229,0,0,0,0,0,0,0,0,0,0
2026-05-10T16:54:32Z,660,11,2345608,24546,0,0,0,0,0,0,0,0,0,0
2026-05-10T16:54:42Z,670,11,2365768,24862,0,0,0,0,0,0,0,0,0,0
2026-05-10T16:54:52Z,680,11,2385928,25178,0,0,0,0,0,0,0,0,0,0
2026-05-10T16:55:02Z,690,11,2406104,25495,0,0,0,0,0,0,0,0,0,0
2026-05-10T16:55:12Z,700,11,2426280,25812,0,0,0,0,0,0,0,0,0,0
2026-05-10T16:55:22Z,710,11,2446456,26129,0,0,0,0,0,0,0,0,0,0
2026-05-10T16:55:32Z,720,11,2466632,26446,0,0,0,0,0,0,0,0,0,0
2026-05-10T16:55:42Z,730,11,2486792,26762,0,0,0,0,0,0,0,0,0,0
2026-05-10T16:55:52Z,740,11,2506968,27079,0,0,0,0,0,0,0,0,0,0
2026-05-10T16:56:02Z,750,11,2527144,27396,0,0,0,0,0,0,0,0,0,0
2026-05-10T16:56:12Z,760,11,2547304,27712,0,0,0,0,0,0,0,0,0,0
2026-05-10T16:56:22Z,770,11,2567480,28029,0,0,0,0,0,0,0,0,0,0
2026-05-10T16:56:32Z,780,11,2587656,28346,0,0,0,0,0,0,0,0,0,0
2026-05-10T16:56:42Z,790,11,2607832,28663,0,0,0,0,0,0,0,0,0,0
2026-05-10T16:56:52Z,800,11,2628008,28980,0,0,0,0,0,0,0,0,0,0
2026-05-10T16:57:02Z,810,11,2648184,29297,0,0,0,0,0,0,0,0,0,0
2026-05-10T16:57:12Z,820,11,2668344,29613,0,0,0,0,0,0,0,0,0,0
2026-05-10T16:57:22Z,830,11,2688520,29930,0,0,0,0,0,0,0,0,0,0
2026-05-10T16:57:32Z,840,11,2708744,30248,0,0,0,0,0,0,0,0,0,0
2026-05-10T16:57:42Z,850,11,2728920,30565,0,0,0,0,0,0,0,0,0,0
2026-05-10T16:57:52Z,860,11,2749096,30882,0,0,0,0,0,0,0,0,0,0
2026-05-10T16:58:02Z,870,11,2769272,31199,0,0,0,0,0,0,0,0,0,0
2026-05-10T16:58:12Z,880,11,2789496,31516,0,0,0,0,0,0,0,0,0,0
2026-05-10T16:58:22Z,890,11,2809672,31833,0,0,0,0,0,0,0,0,0,0
2026-05-10T16:58:32Z,900,11,2829848,32150,0,0,0,0,0,0,0,0,0,0
2026-05-10T16:58:42Z,910,11,2850024,32467,0,0,0,0,0,0,0,0,0,0
2026-05-10T16:58:52Z,920,11,2870248,32785,0,0,0,0,0,0,0,0,0,0
2026-05-10T16:59:02Z,930,11,2890424,33102,0,0,0,0,0,0,0,0,0,0
2026-05-10T16:59:12Z,940,11,2910600,33419,0,0,0,0,0,0,0,0,0,0
2026-05-10T16:59:22Z,950,11,2930776,33736,0,0,0,0,0,0,0,0,0,0
2026-05-10T16:59:32Z,960,11,2950952,34053,0,0,0,0,0,0,0,0,0,0
2026-05-10T16:59:42Z,970,11,2971128,34370,0,0,0,0,0,0,0,0,0,0
2026-05-10T16:59:52Z,980,11,2991288,34686,0,0,0,0,0,0,0,0,0,0
2026-05-10T17:00:02Z,990,11,3011448,35002,0,0,0,0,0,0,0,0,0,0
2026-05-10T17:00:12Z,1000,11,3031624,35319,0,0,0,0,0,0,0,0,0,0
2026-05-10T17:00:22Z,1010,11,3051784,35635,0,0,0,0,0,0,0,0,0,0
2026-05-10T17:00:32Z,1020,11,3071944,35951,0,0,0,0,0,0,0,0,0,0
2026-05-10T17:00:42Z,1030,11,3092104,36267,0,0,0,0,0,0,0,0,0,0
2026-05-10T17:00:52Z,1040,11,3112280,36584,0,0,0,0,0,0,0,0,0,0
2026-05-10T17:01:02Z,1050,11,3132440,36900,0,0,0,0,0,0,0,0,0,0
2026-05-10T17:01:12Z,1060,11,3152616,37217,0,0,0,0,0,0,0,0,0,0
2026-05-10T17:01:22Z,1070,11,3172792,37534,0,0,0,0,0,0,0,0,0,0
2026-05-10T17:01:32Z,1080,11,3192968,37851,0,0,0,0,0,0,0,0,0,0
2026-05-10T17:01:42Z,1090,11,3213144,38168,0,0,0,0,0,0,0,0,0,0
2026-05-10T17:01:52Z,1100,11,3233320,38485,0,0,0,0,0,0,0,0,0,0
2026-05-10T17:02:02Z,1110,11,3253480,38801,0,0,0,0,0,0,0,0,0,0
2026-05-10T17:02:12Z,1120,11,3273640,39117,0,0,0,0,0,0,0,0,0,0
2026-05-10T17:02:22Z,1130,11,3293816,39434,0,0,0,0,0,0,0,0,0,0
2026-05-10T17:02:32Z,1140,11,3313992,39751,0,0,0,0,0,0,0,0,0,0
2026-05-10T17:02:42Z,1150,11,3334152,40067,0,0,0,0,0,0,0,0,0,0
2026-05-10T17:02:52Z,1160,11,3354328,40384,0,0,0,0,0,0,0,0,0,0
2026-05-10T17:03:02Z,1170,11,3374488,40700,0,0,0,0,0,0,0,0,0,0
2026-05-10T17:03:12Z,1180,12,604264,2558,0,0,0,0,0,0,0,0,0,0
2026-05-10T17:03:22Z,1190,12,626792,2877,0,0,0,0,0,0,0,0,0,0
2026-05-10T17:03:32Z,1200,12,646952,3193,0,0,0,0,0,0,0,0,0,0
2026-05-10T17:03:42Z,1210,12,667128,3510,0,0,0,0,0,0,0,0,0,0
2026-05-10T17:03:52Z,1220,12,687304,3827,0,0,0,0,0,0,0,0,0,0
2026-05-10T17:04:02Z,1230,12,707480,4144,0,0,0,0,0,0,0,0,0,0
2026-05-10T17:04:12Z,1240,12,727656,4461,0,0,0,0,0,0,0,0,0,0
2026-05-10T17:04:22Z,1250,12,747832,4778,0,0,0,0,0,0,0,0,0,0
2026-05-10T17:04:32Z,1260,12,767992,5094,0,0,0,0,0,0,0,0,0,0
2026-05-10T17:04:42Z,1270,12,788168,5411,0,0,0,0,0,0,0,0,0,0
2026-05-10T17:04:52Z,1280,12,808344,5728,0,0,0,0,0,0,0,0,0,0
2026-05-10T17:05:02Z,1290,12,828520,6045,0,0,0,0,0,0,0,0,0,0
2026-05-10T17:05:12Z,1300,11,584536,2349,0,0,0,0,0,0,0,0,0,0
2026-05-10T17:05:22Z,1310,11,607040,2670,0,0,0,0,0,0,0,0,0,0
2026-05-10T17:05:32Z,1320,11,627216,2987,0,0,0,0,0,0,0,0,0,0
2026-05-10T17:05:42Z,1330,11,647392,3304,0,0,0,0,0,0,0,0,0,0
2026-05-10T17:05:52Z,1340,11,667568,3621,0,0,0,0,0,0,0,0,0,0
2026-05-10T17:06:02Z,1350,11,687744,3938,0,0,0,0,0,0,0,0,0,0
2026-05-10T17:06:12Z,1360,11,707920,4255,0,0,0,0,0,0,0,0,0,0
2026-05-10T17:06:22Z,1370,11,728096,4572,0,0,0,0,0,0,0,0,0,0
2026-05-10T17:06:32Z,1380,11,748256,4888,0,0,0,0,0,0,0,0,0,0
2026-05-10T17:06:42Z,1390,11,768432,5205,0,0,0,0,0,0,0,0,0,0
2026-05-10T17:06:52Z,1400,11,788608,5522,0,0,0,0,0,0,0,0,0,0
2026-05-10T17:07:02Z,1410,11,808784,5839,0,0,0,0,0,0,0,0,0,0
2026-05-10T17:07:12Z,1420,11,565408,2316,0,0,0,0,0,0,0,0,0,0
2026-05-10T17:07:22Z,1430,11,587912,2637,0,0,0,0,0,0,0,0,0,0
2026-05-10T17:07:32Z,1440,11,608072,2953,0,0,0,0,0,0,0,0,0,0
2026-05-10T17:07:42Z,1450,11,628248,3270,0,0,0,0,0,0,0,0,0,0
2026-05-10T17:07:52Z,1460,11,648424,3587,0,0,0,0,0,0,0,0,0,0
2026-05-10T17:08:02Z,1470,11,668600,3904,0,0,0,0,0,0,0,0,0,0
2026-05-10T17:08:12Z,1480,11,688776,4221,0,0,0,0,0,0,0,0,0,0
2026-05-10T17:08:22Z,1490,11,708952,4538,0,0,0,0,0,0,0,0,0,0
2026-05-10T17:08:32Z,1500,11,729112,4854,0,0,0,0,0,0,0,0,0,0
2026-05-10T17:08:42Z,1510,11,749288,5171,0,0,0,0,0,0,0,0,0,0
2026-05-10T17:08:52Z,1520,11,769464,5488,0,0,0,0,0,0,0,0,0,0
2026-05-10T17:09:02Z,1530,11,789640,5805,0,0,0,0,0,0,0,0,0,0
2026-05-10T17:09:12Z,1540,11,564744,2309,0,0,0,0,0,0,0,0,0,0
2026-05-10T17:09:22Z,1550,11,587976,2639,0,0,0,0,0,0,0,0,0,0
2026-05-10T17:09:32Z,1560,11,609424,2974,0,0,0,0,0,0,0,0,0,0
2026-05-10T17:09:42Z,1570,11,629760,3292,0,0,0,0,0,0,0,0,0,0
2026-05-10T17:09:52Z,1580,11,649936,3609,0,0,0,0,0,0,0,0,0,0
2026-05-10T17:10:02Z,1590,11,670096,3925,0,0,0,0,0,0,0,0,0,0
2026-05-10T17:10:12Z,1600,11,690256,4241,0,0,0,0,0,0,0,0,0,0
2026-05-10T17:10:22Z,1610,11,710432,4558,0,0,0,0,0,0,0,0,0,0
2026-05-10T17:10:32Z,1620,11,730592,4874,0,0,0,0,0,0,0,0,0,0
2026-05-10T17:10:42Z,1630,11,750768,5191,0,0,0,0,0,0,0,0,0,0
2026-05-10T17:10:52Z,1640,11,770944,5508,0,0,0,0,0,0,0,0,0,0
2026-05-10T17:11:02Z,1650,11,791104,5824,0,0,0,0,0,0,0,0,0,0
2026-05-10T22:35:51Z,0,9,1063728,3320,0,0,0,0,0,0,0,0,0,0
2026-05-10T22:36:01Z,10,9,1102048,3750,0,0,0,0,0,0,0,0,0,0
2026-05-10T22:36:11Z,20,9,1123056,4073,0,0,0,0,0,0,0,0,0,0
2026-05-10T22:36:21Z,30,9,1143552,4387,0,0,0,0,0,0,0,0,0,0
2026-05-10T22:36:31Z,40,9,1163792,4699,0,0,0,0,0,0,0,0,0,0
2026-05-10T22:36:41Z,50,9,1184048,5012,0,0,0,0,0,0,0,0,0,0
2026-05-10T22:36:51Z,60,9,1204288,5324,0,0,0,0,0,0,0,0,0,0
2026-05-10T22:37:01Z,70,9,1224544,5637,0,0,0,0,0,0,0,0,0,0
2026-05-10T22:37:11Z,80,9,1244784,5949,0,0,0,0,0,0,0,0,0,0
2026-05-10T22:37:21Z,90,9,1265024,6261,0,0,0,0,0,0,0,0,0,0
2026-05-10T22:37:31Z,100,9,1285264,6573,0,0,0,0,0,0,0,0,0,0
2026-05-10T22:37:41Z,110,9,1305568,6887,0,0,0,0,0,0,0,0,0,0
2026-05-10T22:37:51Z,120,9,1325808,7199,0,0,0,0,0,0,0,0,0,0
2026-05-10T22:38:01Z,130,9,1346048,7511,0,0,0,0,0,0,0,0,0,0
2026-05-10T22:38:11Z,140,9,1366304,7824,0,0,0,0,0,0,0,0,0,0
2026-05-10T22:38:21Z,150,9,1386544,8136,0,0,0,0,0,0,0,0,0,0
2026-05-10T22:38:31Z,160,9,1406800,8449,0,0,0,0,0,0,0,0,0,0
2026-05-10T22:38:41Z,170,9,1427040,8761,0,0,0,0,0,0,0,0,0,0
2026-05-10T22:38:51Z,180,9,1447280,9073,0,0,0,0,0,0,0,0,0,0
2026-05-10T22:39:01Z,190,9,1467584,9386,0,0,0,0,0,0,0,0,0,0
2026-05-10T22:39:11Z,200,9,1487824,9698,0,0,0,0,0,0,0,0,0,0
2026-05-10T22:39:21Z,210,9,1508064,10010,0,0,0,0,0,0,0,0,0,0
2026-05-10T22:39:31Z,220,9,1528304,10322,0,0,0,0,0,0,0,0,0,0
2026-05-10T22:39:41Z,230,9,1548544,10634,0,0,0,0,0,0,0,0,0,0
2026-05-10T22:39:51Z,240,9,1568784,10946,0,0,0,0,0,0,0,0,0,0
2026-05-10T22:40:01Z,250,9,1589024,11258,0,0,0,0,0,0,0,0,0,0
2026-05-10T22:40:11Z,260,9,1609264,11570,0,0,0,0,0,0,0,0,0,0
2026-05-10T22:40:21Z,270,9,1629536,11884,0,0,0,0,0,0,0,0,0,0
2026-05-10T22:40:31Z,280,9,1649856,12198,0,0,0,0,0,0,0,0,0,0
2026-05-10T22:40:41Z,290,9,1670128,12512,0,0,0,0,0,0,0,0,0,0
2026-05-10T22:40:51Z,300,9,1690400,12826,0,0,0,0,0,0,0,0,0,0
2026-05-10T22:41:01Z,310,9,1710752,13140,0,0,0,0,0,0,0,0,0,0
2026-05-10T22:41:11Z,320,9,1731008,13453,0,0,0,0,0,0,0,0,0,0
2026-05-10T22:41:21Z,330,9,1751312,13767,0,0,0,0,0,0,0,0,0,0
2026-05-10T22:41:31Z,340,9,1771568,14080,0,0,0,0,0,0,0,0,0,0
2026-05-10T22:41:41Z,350,9,1791824,14393,0,0,0,0,0,0,0,0,0,0
2026-05-10T22:41:51Z,360,9,1812080,14706,0,0,0,0,0,0,0,0,0,0
2026-05-10T22:42:01Z,370,9,1832336,15019,0,0,0,0,0,0,0,0,0,0
2026-05-10T22:42:11Z,380,9,1852592,15332,0,0,0,0,0,0,0,0,0,0
2026-05-10T22:42:21Z,390,9,1872848,15645,0,0,0,0,0,0,0,0,0,0
2026-05-10T22:42:31Z,400,9,1893104,15958,0,0,0,0,0,0,0,0,0,0
2026-05-10T22:42:41Z,410,9,1913376,16272,0,0,0,0,0,0,0,0,0,0
2026-05-10T22:42:51Z,420,9,1933632,16585,0,0,0,0,0,0,0,0,0,0
2026-05-10T22:43:01Z,430,9,1953888,16898,0,0,0,0,0,0,0,0,0,0
2026-05-10T22:43:11Z,440,9,1974144,17211,0,0,0,0,0,0,0,0,0,0
2026-05-10T22:43:21Z,450,9,1994400,17524,0,0,0,0,0,0,0,0,0,0
2026-05-10T22:43:31Z,460,9,2014656,17837,0,0,0,0,0,0,0,0,0,0
2026-05-10T22:43:41Z,470,9,2034912,18150,0,0,0,0,0,0,0,0,0,0
2026-05-10T22:43:51Z,480,9,2055168,18463,0,0,0,0,0,0,0,0,0,0
2026-05-10T22:44:01Z,490,9,2075424,18776,0,0,0,0,0,0,0,0,0,0
2026-05-10T22:44:11Z,500,9,2095680,19089,0,0,0,0,0,0,0,0,0,0
2026-05-10T22:44:21Z,510,9,2115936,19402,0,0,0,0,0,0,0,0,0,0
2026-05-10T22:44:31Z,520,9,2136192,19715,0,0,0,0,0,0,0,0,0,0
2026-05-10T22:44:41Z,530,9,2156448,20028,0,0,0,0,0,0,0,0,0,0
2026-05-10T22:44:51Z,540,9,2176704,20341,0,0,0,0,0,0,0,0,0,0
2026-05-10T22:45:01Z,550,9,2196960,20654,0,0,0,0,0,0,0,0,0,0
2026-05-10T22:45:11Z,560,9,2217216,20967,0,0,0,0,0,0,0,0,0,0
2026-05-10T22:45:21Z,570,9,2237472,21280,0,0,0,0,0,0,0,0,0,0
2026-05-10T22:45:31Z,580,9,2257728,21593,0,0,0,0,0,0,0,0,0,0
2026-05-10T22:45:41Z,590,9,2277984,21906,0,0,0,0,0,0,0,0,0,0
2026-05-10T22:45:51Z,600,9,2298240,22219,0,0,0,0,0,0,0,0,0,0
2026-05-10T22:46:01Z,610,9,2318496,22532,0,0,0,0,0,0,0,0,0,0
2026-05-10T22:46:11Z,620,9,2338768,22846,0,0,0,0,0,0,0,0,0,0
2026-05-10T22:46:21Z,630,9,2359024,23159,0,0,0,0,0,0,0,0,0,0
2026-05-10T22:46:31Z,640,9,2379296,23473,0,0,0,0,0,0,0,0,0,0
2026-05-10T22:46:41Z,650,9,2399552,23786,0,0,0,0,0,0,0,0,0,0
2026-05-10T22:46:51Z,660,9,2419808,24099,0,0,0,0,0,0,0,0,0,0
2026-05-10T22:47:01Z,670,9,2440064,24412,0,0,0,0,0,0,0,0,0,0
2026-05-10T22:47:11Z,680,9,2460320,24725,0,0,0,0,0,0,0,0,0,0
2026-05-10T22:47:21Z,690,9,2480576,25038,0,0,0,0,0,0,0,0,0,0
2026-05-10T22:47:31Z,700,9,2500832,25351,0,0,0,0,0,0,0,0,0,0
2026-05-10T22:47:41Z,710,9,2521104,25665,0,0,0,0,0,0,0,0,0,0
2026-05-10T22:47:51Z,720,9,2541360,25978,0,0,0,0,0,0,0,0,0,0
2026-05-10T22:48:01Z,730,9,2561616,26291,0,0,0,0,0,0,0,0,0,0
2026-05-10T22:48:11Z,740,9,2581888,26605,0,0,0,0,0,0,0,0,0,0
2026-05-10T22:48:21Z,750,9,2602144,26918,0,0,0,0,0,0,0,0,0,0
2026-05-10T22:48:31Z,760,9,2622400,27231,0,0,0,0,0,0,0,0,0,0
2026-05-10T22:48:41Z,770,9,2642656,27544,0,0,0,0,0,0,0,0,0,0
2026-05-10T22:48:51Z,780,9,2662912,27857,0,0,0,0,0,0,0,0,0,0
2026-05-10T22:49:01Z,790,9,2683184,28171,0,0,0,0,0,0,0,0,0,0
2026-05-10T22:49:11Z,800,9,2703536,28485,0,0,0,0,0,0,0,0,0,0
2026-05-10T22:49:21Z,810,9,2723792,28798,0,0,0,0,0,0,0,0,0,0
2026-05-10T22:49:31Z,820,9,2744064,29112,0,0,0,0,0,0,0,0,0,0
2026-05-10T22:49:41Z,830,9,2764336,29426,0,0,0,0,0,0,0,0,0,0
2026-05-10T22:49:51Z,840,9,2784592,29739,0,0,0,0,0,0,0,0,0,0
2026-05-10T22:50:01Z,850,9,2804848,30052,0,0,0,0,0,0,0,0,0,0
